{"cameraMode":{"drawMode":0,"name":"Shaded","section":"Shading Mode"},"sceneLighting":true,"audioPlay":false,"sceneViewState":{"showFog":true,"showMaterialUpdate":false,"showSkybox":true,"showFlares":true,"showImageEffects":true,"showParticleSystems":true},"in2DMode":false,"pivot":{"x":16.915969848632814,"y":1.5095123052597047,"z":4.885780334472656},"rotation":{"x":-0.10042145103216171,"y":0.2660837769508362,"z":-0.027841441333293916,"w":-0.9583136439323425},"size":4.130155086517334,"orthographic":false}